order_id,item_index,productName
person_1_account_1_order_1,1,Large May Jewelr
person_1_account_1_order_1,2,Color Race Home & Garde
person_1_account_1_order_2,1,Talk Class Beauty Product
person_1_account_1_order_2,2,Win Produce Electronic
person_1_account_1_order_2,3,Fast Team Toy
person_1_account_1_order_3,1,Use Science Jewelr
person_1_account_1_order_3,2,Tell He Clothin
person_2_account_1_order_1,1,Already Final Toy
person_2_account_1_order_1,2,Name Campaign Sports Equipmen
person_2_account_1_order_1,3,Produce Begin Food & Beverage
person_3_account_1_order_1,1,These Week Food & Beverage
person_3_account_1_order_1,2,Past Respond Food & Beverage
person_3_account_1_order_1,3,Woman Kind Food & Beverage
person_3_account_1_order_2,1,Cup Feel Jewelr
person_3_account_1_order_2,2,Discussion Writer Toy
person_3_account_1_order_2,3,Many Surface Healt
person_3_account_1_order_3,1,Whether Man Electronic
person_3_account_1_order_3,2,Not Thought Office Supplie
person_4_account_1_order_1,1,College Majority Pet Supplie
person_4_account_1_order_2,1,Answer Over Jewelr
person_4_account_1_order_2,2,Relate Look Pet Supplie
person_5_account_1_order_1,1,Just Peace Book
person_5_account_1_order_1,2,Another Suddenly Pet Supplie
person_5_account_1_order_1,3,Any Director Clothin
person_5_account_1_order_2,1,Treatment Road Book
person_5_account_1_order_2,2,Everyone Hotel Beauty Product
person_6_account_1_order_1,1,Whatever Region Home & Garde
person_6_account_2_order_1,1,Reason Growth Clothin
person_6_account_2_order_1,2,Best While Office Supplie
person_6_account_2_order_1,3,Ready Behind Pet Supplie
person_7_account_1_order_1,1,Thus Ask Book
person_7_account_1_order_2,1,Class Mind Book
person_7_account_1_order_3,1,Reveal Order Sports Equipmen
person_8_account_1_order_1,1,Focus Summer Beauty Product
person_8_account_1_order_1,2,Put Visit Office Supplie
person_8_account_1_order_2,1,Box I Food & Beverage
person_8_account_1_order_2,2,Politics Instead Electronic
person_9_account_1_order_1,1,Hair Cause Jewelr
person_9_account_1_order_1,2,Remain Financial Electronic
person_9_account_1_order_2,1,Collection Friend Automotiv
person_9_account_2_order_1,1,Dream North Sports Equipmen
person_9_account_2_order_2,1,Middle Even Jewelr
person_9_account_2_order_2,2,Name Treat Electronic
person_9_account_2_order_3,1,Yet Blood Healt
person_10_account_1_order_1,1,Approach Present Pet Supplie
person_10_account_1_order_2,1,Range Upon Sports Equipmen
person_10_account_2_order_1,1,Since Music Electronic
person_10_account_2_order_2,1,Participant Raise Clothin
person_10_account_2_order_2,2,Pick Less Clothin
person_10_account_2_order_2,3,Bed Take Sports Equipmen
