org_id,org_uri,companyName,description,companyEmail,companyPhone,companyURL,companyIndustry,companyID
org_1,http://example.org/org_1,Gonzalez Group,"Possible dinner eye. Tv moment world less like. Send establish report can head.
Good outside shake born. You defense college society memory deep....",joshuagonzalez@example.org,960-382-7471,http://welch.com/,Energy,38-6858538
org_2,http://example.org/org_2,Mccoy and Sons,"Firm several paper blood check social. Energy politics on center least.
Agree station listen say increase place future. Beat attack we work. Too explain either claim....",cynthia69@example.com,899-635-2138,http://ortiz.org/,Transportation,58-3440107
org_3,http://example.org/org_3,"Campbell, Wong and Wilson",Past weight anything agency decade. Only by enough bit. Good various mention spring term use peace cut....,dashley@example.com,866.945.6254x813,http://henry-munoz.com/,Construction,
org_4,http://example.org/org_4,"Blair, Webster and Ferrell","Hot current person than strategy wife either.
Plant church clearly policy. Need behind front life admit decide. Technology explain smile standard bar first....",dferguson@example.net,+1-988-833-2225x296,http://fischer.com/,Agriculture,99-6684603
org_5,http://example.org/org_5,Griffith PLC,"Raise letter central. Fire scene usually.
Require threat read budget all million program. Bed fear red during former agency. Recently avoid test spring....",browneric@example.net,(864)574-7194,http://www.pearson-johnson.com/,Healthcare,54-8370737
