order_id,order_uri,orderNumber,orderStatus,orderDate,orderTotal,person_id,person_uri,fullName,firstName,lastName,emailAddress,customerID,phoneNumber,account_id,account_uri,bankAccountName,bankAccountId,bankAccountType,bankName,balance,merchant_id,org_uri,companyName,description,companyEmail,companyPhone,companyURL,companyIndustry,companyID,item_index,productName
person_1_account_1_order_1,http://example.org/person_1_account_1_order_1,ORD-287657,OrderProblem,2025-07-30,214.89,person_1,http://example.org/person_1,Adam Simpson,Adam,Simpson,robertstewart@example.net,572-68-3917,2223179001,person_1_account_1,http://example.org/person_1_account_1,Savings Account,f9c58fdd-a68a-4b81-9880-5f335136b64d,Certificate of Deposit,SunTrust Bank,144.67,org_5,http://example.org/org_5,Griffith PLC,"Raise letter central. Fire scene usually.
Require threat read budget all million program. Bed fear red during former agency. Recently avoid test spring....",browneric@example.net,(864)574-7194,http://www.pearson-johnson.com/,Healthcare,54-8370737,1,Large May Jewelr
person_1_account_1_order_1,http://example.org/person_1_account_1_order_1,ORD-287657,OrderProblem,2025-07-30,214.89,person_1,http://example.org/person_1,Adam Simpson,Adam,Simpson,robertstewart@example.net,572-68-3917,2223179001,person_1_account_1,http://example.org/person_1_account_1,Savings Account,f9c58fdd-a68a-4b81-9880-5f335136b64d,Certificate of Deposit,SunTrust Bank,144.67,org_5,http://example.org/org_5,Griffith PLC,"Raise letter central. Fire scene usually.
Require threat read budget all million program. Bed fear red during former agency. Recently avoid test spring....",browneric@example.net,(864)574-7194,http://www.pearson-johnson.com/,Healthcare,54-8370737,2,Color Race Home & Garde
person_1_account_1_order_2,http://example.org/person_1_account_1_order_2,INV-291989,OrderPickupAvailable,2025-06-25,821.27,person_1,http://example.org/person_1,Adam Simpson,Adam,Simpson,robertstewart@example.net,572-68-3917,2223179001,person_1_account_1,http://example.org/person_1_account_1,Savings Account,f9c58fdd-a68a-4b81-9880-5f335136b64d,Certificate of Deposit,SunTrust Bank,144.67,org_1,http://example.org/org_1,Gonzalez Group,"Possible dinner eye. Tv moment world less like. Send establish report can head.
Good outside shake born. You defense college society memory deep....",joshuagonzalez@example.org,960-382-7471,http://welch.com/,Energy,38-6858538,1,Talk Class Beauty Product
person_1_account_1_order_2,http://example.org/person_1_account_1_order_2,INV-291989,OrderPickupAvailable,2025-06-25,821.27,person_1,http://example.org/person_1,Adam Simpson,Adam,Simpson,robertstewart@example.net,572-68-3917,2223179001,person_1_account_1,http://example.org/person_1_account_1,Savings Account,f9c58fdd-a68a-4b81-9880-5f335136b64d,Certificate of Deposit,SunTrust Bank,144.67,org_1,http://example.org/org_1,Gonzalez Group,"Possible dinner eye. Tv moment world less like. Send establish report can head.
Good outside shake born. You defense college society memory deep....",joshuagonzalez@example.org,960-382-7471,http://welch.com/,Energy,38-6858538,2,Win Produce Electronic
person_1_account_1_order_2,http://example.org/person_1_account_1_order_2,INV-291989,OrderPickupAvailable,2025-06-25,821.27,person_1,http://example.org/person_1,Adam Simpson,Adam,Simpson,robertstewart@example.net,572-68-3917,2223179001,person_1_account_1,http://example.org/person_1_account_1,Savings Account,f9c58fdd-a68a-4b81-9880-5f335136b64d,Certificate of Deposit,SunTrust Bank,144.67,org_1,http://example.org/org_1,Gonzalez Group,"Possible dinner eye. Tv moment world less like. Send establish report can head.
Good outside shake born. You defense college society memory deep....",joshuagonzalez@example.org,960-382-7471,http://welch.com/,Energy,38-6858538,3,Fast Team Toy
person_1_account_1_order_3,http://example.org/person_1_account_1_order_3,INV-630126,OrderProcessing,2025-06-05,2274.14,person_1,http://example.org/person_1,Adam Simpson,Adam,Simpson,robertstewart@example.net,572-68-3917,2223179001,person_1_account_1,http://example.org/person_1_account_1,Savings Account,f9c58fdd-a68a-4b81-9880-5f335136b64d,Certificate of Deposit,SunTrust Bank,144.67,org_3,http://example.org/org_3,"Campbell, Wong and Wilson",Past weight anything agency decade. Only by enough bit. Good various mention spring term use peace cut....,dashley@example.com,866.945.6254x813,http://henry-munoz.com/,Construction,,1,Use Science Jewelr
person_1_account_1_order_3,http://example.org/person_1_account_1_order_3,INV-630126,OrderProcessing,2025-06-05,2274.14,person_1,http://example.org/person_1,Adam Simpson,Adam,Simpson,robertstewart@example.net,572-68-3917,2223179001,person_1_account_1,http://example.org/person_1_account_1,Savings Account,f9c58fdd-a68a-4b81-9880-5f335136b64d,Certificate of Deposit,SunTrust Bank,144.67,org_3,http://example.org/org_3,"Campbell, Wong and Wilson",Past weight anything agency decade. Only by enough bit. Good various mention spring term use peace cut....,dashley@example.com,866.945.6254x813,http://henry-munoz.com/,Construction,,2,Tell He Clothin
person_2_account_1_order_1,http://example.org/person_2_account_1_order_1,PO-596369,OrderPickupAvailable,2025-10-08,1682.47,person_2,http://example.org/person_2,Ashley Hamilton,Ashley,Hamilton,gtapia@example.org,196-58-2958,675-218-1813,person_2_account_1,http://example.org/person_2_account_1,Primary Account,5c9ad296-f20c-4915-9e4d-e65e15760676,Certificate of Deposit,Citibank,6181.14,org_2,http://example.org/org_2,Mccoy and Sons,"Firm several paper blood check social. Energy politics on center least.
Agree station listen say increase place future. Beat attack we work. Too explain either claim....",cynthia69@example.com,899-635-2138,http://ortiz.org/,Transportation,58-3440107,1,Already Final Toy
person_2_account_1_order_1,http://example.org/person_2_account_1_order_1,PO-596369,OrderPickupAvailable,2025-10-08,1682.47,person_2,http://example.org/person_2,Ashley Hamilton,Ashley,Hamilton,gtapia@example.org,196-58-2958,675-218-1813,person_2_account_1,http://example.org/person_2_account_1,Primary Account,5c9ad296-f20c-4915-9e4d-e65e15760676,Certificate of Deposit,Citibank,6181.14,org_2,http://example.org/org_2,Mccoy and Sons,"Firm several paper blood check social. Energy politics on center least.
Agree station listen say increase place future. Beat attack we work. Too explain either claim....",cynthia69@example.com,899-635-2138,http://ortiz.org/,Transportation,58-3440107,2,Name Campaign Sports Equipmen
person_2_account_1_order_1,http://example.org/person_2_account_1_order_1,PO-596369,OrderPickupAvailable,2025-10-08,1682.47,person_2,http://example.org/person_2,Ashley Hamilton,Ashley,Hamilton,gtapia@example.org,196-58-2958,675-218-1813,person_2_account_1,http://example.org/person_2_account_1,Primary Account,5c9ad296-f20c-4915-9e4d-e65e15760676,Certificate of Deposit,Citibank,6181.14,org_2,http://example.org/org_2,Mccoy and Sons,"Firm several paper blood check social. Energy politics on center least.
Agree station listen say increase place future. Beat attack we work. Too explain either claim....",cynthia69@example.com,899-635-2138,http://ortiz.org/,Transportation,58-3440107,3,Produce Begin Food & Beverage
person_3_account_1_order_1,http://example.org/person_3_account_1_order_1,PO-923004,OrderInTransit,2025-09-01,636.32,person_3,http://example.org/person_3,Robert Petersen,Robert,Petersen,kburton@example.com,507-34-3547,2347396137,person_3_account_1,http://example.org/person_3_account_1,Emergency Fund Account,74a6493c-512c-4d34-9afc-ab5de733a758,Certificate of Deposit,SunTrust Bank,8813.23,org_2,http://example.org/org_2,Mccoy and Sons,"Firm several paper blood check social. Energy politics on center least.
Agree station listen say increase place future. Beat attack we work. Too explain either claim....",cynthia69@example.com,899-635-2138,http://ortiz.org/,Transportation,58-3440107,1,These Week Food & Beverage
person_3_account_1_order_1,http://example.org/person_3_account_1_order_1,PO-923004,OrderInTransit,2025-09-01,636.32,person_3,http://example.org/person_3,Robert Petersen,Robert,Petersen,kburton@example.com,507-34-3547,2347396137,person_3_account_1,http://example.org/person_3_account_1,Emergency Fund Account,74a6493c-512c-4d34-9afc-ab5de733a758,Certificate of Deposit,SunTrust Bank,8813.23,org_2,http://example.org/org_2,Mccoy and Sons,"Firm several paper blood check social. Energy politics on center least.
Agree station listen say increase place future. Beat attack we work. Too explain either claim....",cynthia69@example.com,899-635-2138,http://ortiz.org/,Transportation,58-3440107,2,Past Respond Food & Beverage
person_3_account_1_order_1,http://example.org/person_3_account_1_order_1,PO-923004,OrderInTransit,2025-09-01,636.32,person_3,http://example.org/person_3,Robert Petersen,Robert,Petersen,kburton@example.com,507-34-3547,2347396137,person_3_account_1,http://example.org/person_3_account_1,Emergency Fund Account,74a6493c-512c-4d34-9afc-ab5de733a758,Certificate of Deposit,SunTrust Bank,8813.23,org_2,http://example.org/org_2,Mccoy and Sons,"Firm several paper blood check social. Energy politics on center least.
Agree station listen say increase place future. Beat attack we work. Too explain either claim....",cynthia69@example.com,899-635-2138,http://ortiz.org/,Transportation,58-3440107,3,Woman Kind Food & Beverage
person_3_account_1_order_2,http://example.org/person_3_account_1_order_2,ORD-985961,OrderCancelled,2025-07-28,1369.44,person_3,http://example.org/person_3,Robert Petersen,Robert,Petersen,kburton@example.com,507-34-3547,2347396137,person_3_account_1,http://example.org/person_3_account_1,Emergency Fund Account,74a6493c-512c-4d34-9afc-ab5de733a758,Certificate of Deposit,SunTrust Bank,8813.23,org_3,http://example.org/org_3,"Campbell, Wong and Wilson",Past weight anything agency decade. Only by enough bit. Good various mention spring term use peace cut....,dashley@example.com,866.945.6254x813,http://henry-munoz.com/,Construction,,1,Cup Feel Jewelr
person_3_account_1_order_2,http://example.org/person_3_account_1_order_2,ORD-985961,OrderCancelled,2025-07-28,1369.44,person_3,http://example.org/person_3,Robert Petersen,Robert,Petersen,kburton@example.com,507-34-3547,2347396137,person_3_account_1,http://example.org/person_3_account_1,Emergency Fund Account,74a6493c-512c-4d34-9afc-ab5de733a758,Certificate of Deposit,SunTrust Bank,8813.23,org_3,http://example.org/org_3,"Campbell, Wong and Wilson",Past weight anything agency decade. Only by enough bit. Good various mention spring term use peace cut....,dashley@example.com,866.945.6254x813,http://henry-munoz.com/,Construction,,2,Discussion Writer Toy
person_3_account_1_order_2,http://example.org/person_3_account_1_order_2,ORD-985961,OrderCancelled,2025-07-28,1369.44,person_3,http://example.org/person_3,Robert Petersen,Robert,Petersen,kburton@example.com,507-34-3547,2347396137,person_3_account_1,http://example.org/person_3_account_1,Emergency Fund Account,74a6493c-512c-4d34-9afc-ab5de733a758,Certificate of Deposit,SunTrust Bank,8813.23,org_3,http://example.org/org_3,"Campbell, Wong and Wilson",Past weight anything agency decade. Only by enough bit. Good various mention spring term use peace cut....,dashley@example.com,866.945.6254x813,http://henry-munoz.com/,Construction,,3,Many Surface Healt
person_3_account_1_order_3,http://example.org/person_3_account_1_order_3,INV-840759,OrderCancelled,2025-12-11,2254.6,person_3,http://example.org/person_3,Robert Petersen,Robert,Petersen,kburton@example.com,507-34-3547,2347396137,person_3_account_1,http://example.org/person_3_account_1,Emergency Fund Account,74a6493c-512c-4d34-9afc-ab5de733a758,Certificate of Deposit,SunTrust Bank,8813.23,org_1,http://example.org/org_1,Gonzalez Group,"Possible dinner eye. Tv moment world less like. Send establish report can head.
Good outside shake born. You defense college society memory deep....",joshuagonzalez@example.org,960-382-7471,http://welch.com/,Energy,38-6858538,1,Whether Man Electronic
person_3_account_1_order_3,http://example.org/person_3_account_1_order_3,INV-840759,OrderCancelled,2025-12-11,2254.6,person_3,http://example.org/person_3,Robert Petersen,Robert,Petersen,kburton@example.com,507-34-3547,2347396137,person_3_account_1,http://example.org/person_3_account_1,Emergency Fund Account,74a6493c-512c-4d34-9afc-ab5de733a758,Certificate of Deposit,SunTrust Bank,8813.23,org_1,http://example.org/org_1,Gonzalez Group,"Possible dinner eye. Tv moment world less like. Send establish report can head.
Good outside shake born. You defense college society memory deep....",joshuagonzalez@example.org,960-382-7471,http://welch.com/,Energy,38-6858538,2,Not Thought Office Supplie
person_4_account_1_order_1,http://example.org/person_4_account_1_order_1,ORD-577175,OrderDelivered,2025-11-16,370.5,person_4,http://example.org/person_4,Brandon Taylor,Brandon,Taylor,qperez@example.com,837-59-9518,963.899.8064,person_4_account_1,http://example.org/person_4_account_1,Primary Account,3499f5f5-6602-43d2-89c2-bfba2a8d52f5,Business Savings,KeyBank,214.88,org_4,http://example.org/org_4,"Blair, Webster and Ferrell","Hot current person than strategy wife either.
Plant church clearly policy. Need behind front life admit decide. Technology explain smile standard bar first....",dferguson@example.net,+1-988-833-2225x296,http://fischer.com/,Agriculture,99-6684603,1,College Majority Pet Supplie
person_4_account_1_order_2,http://example.org/person_4_account_1_order_2,ORD-335089,OrderInTransit,2025-11-12,384.93,person_4,http://example.org/person_4,Brandon Taylor,Brandon,Taylor,qperez@example.com,837-59-9518,963.899.8064,person_4_account_1,http://example.org/person_4_account_1,Primary Account,3499f5f5-6602-43d2-89c2-bfba2a8d52f5,Business Savings,KeyBank,214.88,org_3,http://example.org/org_3,"Campbell, Wong and Wilson",Past weight anything agency decade. Only by enough bit. Good various mention spring term use peace cut....,dashley@example.com,866.945.6254x813,http://henry-munoz.com/,Construction,,1,Answer Over Jewelr
person_4_account_1_order_2,http://example.org/person_4_account_1_order_2,ORD-335089,OrderInTransit,2025-11-12,384.93,person_4,http://example.org/person_4,Brandon Taylor,Brandon,Taylor,qperez@example.com,837-59-9518,963.899.8064,person_4_account_1,http://example.org/person_4_account_1,Primary Account,3499f5f5-6602-43d2-89c2-bfba2a8d52f5,Business Savings,KeyBank,214.88,org_3,http://example.org/org_3,"Campbell, Wong and Wilson",Past weight anything agency decade. Only by enough bit. Good various mention spring term use peace cut....,dashley@example.com,866.945.6254x813,http://henry-munoz.com/,Construction,,2,Relate Look Pet Supplie
person_5_account_1_order_1,http://example.org/person_5_account_1_order_1,PO-797249,OrderProblem,2025-10-30,1534.79,person_5,http://example.org/person_5,Lisa Stevens,Lisa,Stevens,kimberlyhall@example.com,364-90-1928,765.430.3461x798,person_5_account_1,http://example.org/person_5_account_1,Primary Account,b058fbbd-4748-4e60-a983-771d1000bc16,Business Checking,Fifth Third Bank,768808.74,org_3,http://example.org/org_3,"Campbell, Wong and Wilson",Past weight anything agency decade. Only by enough bit. Good various mention spring term use peace cut....,dashley@example.com,866.945.6254x813,http://henry-munoz.com/,Construction,,1,Just Peace Book
person_5_account_1_order_1,http://example.org/person_5_account_1_order_1,PO-797249,OrderProblem,2025-10-30,1534.79,person_5,http://example.org/person_5,Lisa Stevens,Lisa,Stevens,kimberlyhall@example.com,364-90-1928,765.430.3461x798,person_5_account_1,http://example.org/person_5_account_1,Primary Account,b058fbbd-4748-4e60-a983-771d1000bc16,Business Checking,Fifth Third Bank,768808.74,org_3,http://example.org/org_3,"Campbell, Wong and Wilson",Past weight anything agency decade. Only by enough bit. Good various mention spring term use peace cut....,dashley@example.com,866.945.6254x813,http://henry-munoz.com/,Construction,,2,Another Suddenly Pet Supplie
person_5_account_1_order_1,http://example.org/person_5_account_1_order_1,PO-797249,OrderProblem,2025-10-30,1534.79,person_5,http://example.org/person_5,Lisa Stevens,Lisa,Stevens,kimberlyhall@example.com,364-90-1928,765.430.3461x798,person_5_account_1,http://example.org/person_5_account_1,Primary Account,b058fbbd-4748-4e60-a983-771d1000bc16,Business Checking,Fifth Third Bank,768808.74,org_3,http://example.org/org_3,"Campbell, Wong and Wilson",Past weight anything agency decade. Only by enough bit. Good various mention spring term use peace cut....,dashley@example.com,866.945.6254x813,http://henry-munoz.com/,Construction,,3,Any Director Clothin
person_5_account_1_order_2,http://example.org/person_5_account_1_order_2,PO-230652,OrderCancelled,2025-09-12,2258.8,person_5,http://example.org/person_5,Lisa Stevens,Lisa,Stevens,kimberlyhall@example.com,364-90-1928,765.430.3461x798,person_5_account_1,http://example.org/person_5_account_1,Primary Account,b058fbbd-4748-4e60-a983-771d1000bc16,Business Checking,Fifth Third Bank,768808.74,org_1,http://example.org/org_1,Gonzalez Group,"Possible dinner eye. Tv moment world less like. Send establish report can head.
Good outside shake born. You defense college society memory deep....",joshuagonzalez@example.org,960-382-7471,http://welch.com/,Energy,38-6858538,1,Treatment Road Book
person_5_account_1_order_2,http://example.org/person_5_account_1_order_2,PO-230652,OrderCancelled,2025-09-12,2258.8,person_5,http://example.org/person_5,Lisa Stevens,Lisa,Stevens,kimberlyhall@example.com,364-90-1928,765.430.3461x798,person_5_account_1,http://example.org/person_5_account_1,Primary Account,b058fbbd-4748-4e60-a983-771d1000bc16,Business Checking,Fifth Third Bank,768808.74,org_1,http://example.org/org_1,Gonzalez Group,"Possible dinner eye. Tv moment world less like. Send establish report can head.
Good outside shake born. You defense college society memory deep....",joshuagonzalez@example.org,960-382-7471,http://welch.com/,Energy,38-6858538,2,Everyone Hotel Beauty Product
person_6_account_1_order_1,http://example.org/person_6_account_1_order_1,INV-947447,OrderProcessing,2025-07-14,2316.56,person_6,http://example.org/person_6,Leslie Schwartz,Leslie,Schwartz,mccarthyandrew@example.com,944-70-3936,652-417-7923x305,person_6_account_1,http://example.org/person_6_account_1,Primary Account,e8107eec-1b5b-4d76-9561-3ac546a1cc11,Business Checking,BB&T,417.74,org_1,http://example.org/org_1,Gonzalez Group,"Possible dinner eye. Tv moment world less like. Send establish report can head.
Good outside shake born. You defense college society memory deep....",joshuagonzalez@example.org,960-382-7471,http://welch.com/,Energy,38-6858538,1,Whatever Region Home & Garde
person_6_account_2_order_1,http://example.org/person_6_account_2_order_1,INV-784874,OrderReturned,2025-05-11,1296.52,person_6,http://example.org/person_6,Leslie Schwartz,Leslie,Schwartz,mccarthyandrew@example.com,944-70-3936,652-417-7923x305,person_6_account_2,http://example.org/person_6_account_2,Secondary Account,e0b76f89-5fb4-4709-a4f3-301474cb19fb,Individual Retirement Account,Santander Bank,29426.72,org_5,http://example.org/org_5,Griffith PLC,"Raise letter central. Fire scene usually.
Require threat read budget all million program. Bed fear red during former agency. Recently avoid test spring....",browneric@example.net,(864)574-7194,http://www.pearson-johnson.com/,Healthcare,54-8370737,1,Reason Growth Clothin
person_6_account_2_order_1,http://example.org/person_6_account_2_order_1,INV-784874,OrderReturned,2025-05-11,1296.52,person_6,http://example.org/person_6,Leslie Schwartz,Leslie,Schwartz,mccarthyandrew@example.com,944-70-3936,652-417-7923x305,person_6_account_2,http://example.org/person_6_account_2,Secondary Account,e0b76f89-5fb4-4709-a4f3-301474cb19fb,Individual Retirement Account,Santander Bank,29426.72,org_5,http://example.org/org_5,Griffith PLC,"Raise letter central. Fire scene usually.
Require threat read budget all million program. Bed fear red during former agency. Recently avoid test spring....",browneric@example.net,(864)574-7194,http://www.pearson-johnson.com/,Healthcare,54-8370737,2,Best While Office Supplie
person_6_account_2_order_1,http://example.org/person_6_account_2_order_1,INV-784874,OrderReturned,2025-05-11,1296.52,person_6,http://example.org/person_6,Leslie Schwartz,Leslie,Schwartz,mccarthyandrew@example.com,944-70-3936,652-417-7923x305,person_6_account_2,http://example.org/person_6_account_2,Secondary Account,e0b76f89-5fb4-4709-a4f3-301474cb19fb,Individual Retirement Account,Santander Bank,29426.72,org_5,http://example.org/org_5,Griffith PLC,"Raise letter central. Fire scene usually.
Require threat read budget all million program. Bed fear red during former agency. Recently avoid test spring....",browneric@example.net,(864)574-7194,http://www.pearson-johnson.com/,Healthcare,54-8370737,3,Ready Behind Pet Supplie
person_7_account_1_order_1,http://example.org/person_7_account_1_order_1,INV-403380,OrderProcessing,2025-11-10,2266.99,person_7,http://example.org/person_7,Victoria Joseph,Victoria,Joseph,linda67@example.org,505-77-2510,210.799.6976x007,person_7_account_1,http://example.org/person_7_account_1,Savings Account,b5ab5527-fd6e-4e4f-9434-c9db4d7118f3,Joint Account,TD Bank,22965.35,org_3,http://example.org/org_3,"Campbell, Wong and Wilson",Past weight anything agency decade. Only by enough bit. Good various mention spring term use peace cut....,dashley@example.com,866.945.6254x813,http://henry-munoz.com/,Construction,,1,Thus Ask Book
person_7_account_1_order_2,http://example.org/person_7_account_1_order_2,INV-823869,OrderProcessing,2025-07-17,594.5,person_7,http://example.org/person_7,Victoria Joseph,Victoria,Joseph,linda67@example.org,505-77-2510,210.799.6976x007,person_7_account_1,http://example.org/person_7_account_1,Savings Account,b5ab5527-fd6e-4e4f-9434-c9db4d7118f3,Joint Account,TD Bank,22965.35,org_4,http://example.org/org_4,"Blair, Webster and Ferrell","Hot current person than strategy wife either.
Plant church clearly policy. Need behind front life admit decide. Technology explain smile standard bar first....",dferguson@example.net,+1-988-833-2225x296,http://fischer.com/,Agriculture,99-6684603,1,Class Mind Book
person_7_account_1_order_3,http://example.org/person_7_account_1_order_3,PO-674492,OrderReturned,2025-12-01,927.94,person_7,http://example.org/person_7,Victoria Joseph,Victoria,Joseph,linda67@example.org,505-77-2510,210.799.6976x007,person_7_account_1,http://example.org/person_7_account_1,Savings Account,b5ab5527-fd6e-4e4f-9434-c9db4d7118f3,Joint Account,TD Bank,22965.35,org_4,http://example.org/org_4,"Blair, Webster and Ferrell","Hot current person than strategy wife either.
Plant church clearly policy. Need behind front life admit decide. Technology explain smile standard bar first....",dferguson@example.net,+1-988-833-2225x296,http://fischer.com/,Agriculture,99-6684603,1,Reveal Order Sports Equipmen
person_8_account_1_order_1,http://example.org/person_8_account_1_order_1,ORD-591165,OrderPickupAvailable,2025-12-06,2417.21,person_8,http://example.org/person_8,Brenda Campbell,Brenda,Campbell,suzannecardenas@example.com,855-48-8991,001-618-439-6600x807,person_8_account_1,http://example.org/person_8_account_1,Savings Account,020ae8e7-2b5f-4af6-96d0-7e897c9dc650,Business Checking,Fifth Third Bank,1022.78,org_1,http://example.org/org_1,Gonzalez Group,"Possible dinner eye. Tv moment world less like. Send establish report can head.
Good outside shake born. You defense college society memory deep....",joshuagonzalez@example.org,960-382-7471,http://welch.com/,Energy,38-6858538,1,Focus Summer Beauty Product
person_8_account_1_order_1,http://example.org/person_8_account_1_order_1,ORD-591165,OrderPickupAvailable,2025-12-06,2417.21,person_8,http://example.org/person_8,Brenda Campbell,Brenda,Campbell,suzannecardenas@example.com,855-48-8991,001-618-439-6600x807,person_8_account_1,http://example.org/person_8_account_1,Savings Account,020ae8e7-2b5f-4af6-96d0-7e897c9dc650,Business Checking,Fifth Third Bank,1022.78,org_1,http://example.org/org_1,Gonzalez Group,"Possible dinner eye. Tv moment world less like. Send establish report can head.
Good outside shake born. You defense college society memory deep....",joshuagonzalez@example.org,960-382-7471,http://welch.com/,Energy,38-6858538,2,Put Visit Office Supplie
person_8_account_1_order_2,http://example.org/person_8_account_1_order_2,INV-632185,OrderProblem,2025-07-12,284.41,person_8,http://example.org/person_8,Brenda Campbell,Brenda,Campbell,suzannecardenas@example.com,855-48-8991,001-618-439-6600x807,person_8_account_1,http://example.org/person_8_account_1,Savings Account,020ae8e7-2b5f-4af6-96d0-7e897c9dc650,Business Checking,Fifth Third Bank,1022.78,org_4,http://example.org/org_4,"Blair, Webster and Ferrell","Hot current person than strategy wife either.
Plant church clearly policy. Need behind front life admit decide. Technology explain smile standard bar first....",dferguson@example.net,+1-988-833-2225x296,http://fischer.com/,Agriculture,99-6684603,1,Box I Food & Beverage
person_8_account_1_order_2,http://example.org/person_8_account_1_order_2,INV-632185,OrderProblem,2025-07-12,284.41,person_8,http://example.org/person_8,Brenda Campbell,Brenda,Campbell,suzannecardenas@example.com,855-48-8991,001-618-439-6600x807,person_8_account_1,http://example.org/person_8_account_1,Savings Account,020ae8e7-2b5f-4af6-96d0-7e897c9dc650,Business Checking,Fifth Third Bank,1022.78,org_4,http://example.org/org_4,"Blair, Webster and Ferrell","Hot current person than strategy wife either.
Plant church clearly policy. Need behind front life admit decide. Technology explain smile standard bar first....",dferguson@example.net,+1-988-833-2225x296,http://fischer.com/,Agriculture,99-6684603,2,Politics Instead Electronic
person_9_account_1_order_1,http://example.org/person_9_account_1_order_1,INV-289431,OrderDelivered,2025-09-03,399.22,person_9,http://example.org/person_9,Sandra Jones,Sandra,Jones,jessicazamora@example.com,327-23-2237,(618)437-4268,person_9_account_1,http://example.org/person_9_account_1,Business Account,880c2c78-2043-4028-86d1-a9f7310ee731,Money Market Account,Chase Bank,3866.23,org_2,http://example.org/org_2,Mccoy and Sons,"Firm several paper blood check social. Energy politics on center least.
Agree station listen say increase place future. Beat attack we work. Too explain either claim....",cynthia69@example.com,899-635-2138,http://ortiz.org/,Transportation,58-3440107,1,Hair Cause Jewelr
person_9_account_1_order_1,http://example.org/person_9_account_1_order_1,INV-289431,OrderDelivered,2025-09-03,399.22,person_9,http://example.org/person_9,Sandra Jones,Sandra,Jones,jessicazamora@example.com,327-23-2237,(618)437-4268,person_9_account_1,http://example.org/person_9_account_1,Business Account,880c2c78-2043-4028-86d1-a9f7310ee731,Money Market Account,Chase Bank,3866.23,org_2,http://example.org/org_2,Mccoy and Sons,"Firm several paper blood check social. Energy politics on center least.
Agree station listen say increase place future. Beat attack we work. Too explain either claim....",cynthia69@example.com,899-635-2138,http://ortiz.org/,Transportation,58-3440107,2,Remain Financial Electronic
person_9_account_1_order_2,http://example.org/person_9_account_1_order_2,INV-240844,OrderPickupAvailable,2025-10-06,1746.43,person_9,http://example.org/person_9,Sandra Jones,Sandra,Jones,jessicazamora@example.com,327-23-2237,(618)437-4268,person_9_account_1,http://example.org/person_9_account_1,Business Account,880c2c78-2043-4028-86d1-a9f7310ee731,Money Market Account,Chase Bank,3866.23,org_5,http://example.org/org_5,Griffith PLC,"Raise letter central. Fire scene usually.
Require threat read budget all million program. Bed fear red during former agency. Recently avoid test spring....",browneric@example.net,(864)574-7194,http://www.pearson-johnson.com/,Healthcare,54-8370737,1,Collection Friend Automotiv
person_9_account_2_order_1,http://example.org/person_9_account_2_order_1,PO-367385,OrderProblem,2025-12-09,2402.65,person_9,http://example.org/person_9,Sandra Jones,Sandra,Jones,jessicazamora@example.com,327-23-2237,(618)437-4268,person_9_account_2,http://example.org/person_9_account_2,Emergency Fund Account,14294343-49d0-4d44-adb2-3080099aad7a,Individual Retirement Account,Citibank,31604.8,org_2,http://example.org/org_2,Mccoy and Sons,"Firm several paper blood check social. Energy politics on center least.
Agree station listen say increase place future. Beat attack we work. Too explain either claim....",cynthia69@example.com,899-635-2138,http://ortiz.org/,Transportation,58-3440107,1,Dream North Sports Equipmen
person_9_account_2_order_2,http://example.org/person_9_account_2_order_2,PO-713313,OrderReturned,2025-11-27,1952.66,person_9,http://example.org/person_9,Sandra Jones,Sandra,Jones,jessicazamora@example.com,327-23-2237,(618)437-4268,person_9_account_2,http://example.org/person_9_account_2,Emergency Fund Account,14294343-49d0-4d44-adb2-3080099aad7a,Individual Retirement Account,Citibank,31604.8,org_2,http://example.org/org_2,Mccoy and Sons,"Firm several paper blood check social. Energy politics on center least.
Agree station listen say increase place future. Beat attack we work. Too explain either claim....",cynthia69@example.com,899-635-2138,http://ortiz.org/,Transportation,58-3440107,1,Middle Even Jewelr
person_9_account_2_order_2,http://example.org/person_9_account_2_order_2,PO-713313,OrderReturned,2025-11-27,1952.66,person_9,http://example.org/person_9,Sandra Jones,Sandra,Jones,jessicazamora@example.com,327-23-2237,(618)437-4268,person_9_account_2,http://example.org/person_9_account_2,Emergency Fund Account,14294343-49d0-4d44-adb2-3080099aad7a,Individual Retirement Account,Citibank,31604.8,org_2,http://example.org/org_2,Mccoy and Sons,"Firm several paper blood check social. Energy politics on center least.
Agree station listen say increase place future. Beat attack we work. Too explain either claim....",cynthia69@example.com,899-635-2138,http://ortiz.org/,Transportation,58-3440107,2,Name Treat Electronic
person_9_account_2_order_3,http://example.org/person_9_account_2_order_3,PO-752232,OrderReturned,2025-01-31,964.03,person_9,http://example.org/person_9,Sandra Jones,Sandra,Jones,jessicazamora@example.com,327-23-2237,(618)437-4268,person_9_account_2,http://example.org/person_9_account_2,Emergency Fund Account,14294343-49d0-4d44-adb2-3080099aad7a,Individual Retirement Account,Citibank,31604.8,org_1,http://example.org/org_1,Gonzalez Group,"Possible dinner eye. Tv moment world less like. Send establish report can head.
Good outside shake born. You defense college society memory deep....",joshuagonzalez@example.org,960-382-7471,http://welch.com/,Energy,38-6858538,1,Yet Blood Healt
person_10_account_1_order_1,http://example.org/person_10_account_1_order_1,PO-142148,OrderPickupAvailable,2025-12-18,580.05,person_10,http://example.org/person_10,Erica White,Erica,White,dianaproctor@example.com,817-70-7730,001-639-766-9643x1477,person_10_account_1,http://example.org/person_10_account_1,Secondary Account,cefe0704-37f5-42e1-92d7-0d517e89571c,Checking Account,HSBC Bank,539.84,org_5,http://example.org/org_5,Griffith PLC,"Raise letter central. Fire scene usually.
Require threat read budget all million program. Bed fear red during former agency. Recently avoid test spring....",browneric@example.net,(864)574-7194,http://www.pearson-johnson.com/,Healthcare,54-8370737,1,Approach Present Pet Supplie
person_10_account_1_order_2,http://example.org/person_10_account_1_order_2,PO-289265,OrderReturned,2025-05-18,1366.38,person_10,http://example.org/person_10,Erica White,Erica,White,dianaproctor@example.com,817-70-7730,001-639-766-9643x1477,person_10_account_1,http://example.org/person_10_account_1,Secondary Account,cefe0704-37f5-42e1-92d7-0d517e89571c,Checking Account,HSBC Bank,539.84,org_4,http://example.org/org_4,"Blair, Webster and Ferrell","Hot current person than strategy wife either.
Plant church clearly policy. Need behind front life admit decide. Technology explain smile standard bar first....",dferguson@example.net,+1-988-833-2225x296,http://fischer.com/,Agriculture,99-6684603,1,Range Upon Sports Equipmen
person_10_account_2_order_1,http://example.org/person_10_account_2_order_1,PO-292931,OrderDelivered,2025-09-20,563.97,person_10,http://example.org/person_10,Erica White,Erica,White,dianaproctor@example.com,817-70-7730,001-639-766-9643x1477,person_10_account_2,http://example.org/person_10_account_2,Savings Account,bfd06068-913f-4ddb-8b1a-604b6763d181,Savings Account,PNC Bank,58103.36,org_3,http://example.org/org_3,"Campbell, Wong and Wilson",Past weight anything agency decade. Only by enough bit. Good various mention spring term use peace cut....,dashley@example.com,866.945.6254x813,http://henry-munoz.com/,Construction,,1,Since Music Electronic
person_10_account_2_order_2,http://example.org/person_10_account_2_order_2,ORD-694914,OrderDelivered,2025-10-23,705.78,person_10,http://example.org/person_10,Erica White,Erica,White,dianaproctor@example.com,817-70-7730,001-639-766-9643x1477,person_10_account_2,http://example.org/person_10_account_2,Savings Account,bfd06068-913f-4ddb-8b1a-604b6763d181,Savings Account,PNC Bank,58103.36,org_5,http://example.org/org_5,Griffith PLC,"Raise letter central. Fire scene usually.
Require threat read budget all million program. Bed fear red during former agency. Recently avoid test spring....",browneric@example.net,(864)574-7194,http://www.pearson-johnson.com/,Healthcare,54-8370737,1,Participant Raise Clothin
person_10_account_2_order_2,http://example.org/person_10_account_2_order_2,ORD-694914,OrderDelivered,2025-10-23,705.78,person_10,http://example.org/person_10,Erica White,Erica,White,dianaproctor@example.com,817-70-7730,001-639-766-9643x1477,person_10_account_2,http://example.org/person_10_account_2,Savings Account,bfd06068-913f-4ddb-8b1a-604b6763d181,Savings Account,PNC Bank,58103.36,org_5,http://example.org/org_5,Griffith PLC,"Raise letter central. Fire scene usually.
Require threat read budget all million program. Bed fear red during former agency. Recently avoid test spring....",browneric@example.net,(864)574-7194,http://www.pearson-johnson.com/,Healthcare,54-8370737,2,Pick Less Clothin
person_10_account_2_order_2,http://example.org/person_10_account_2_order_2,ORD-694914,OrderDelivered,2025-10-23,705.78,person_10,http://example.org/person_10,Erica White,Erica,White,dianaproctor@example.com,817-70-7730,001-639-766-9643x1477,person_10_account_2,http://example.org/person_10_account_2,Savings Account,bfd06068-913f-4ddb-8b1a-604b6763d181,Savings Account,PNC Bank,58103.36,org_5,http://example.org/org_5,Griffith PLC,"Raise letter central. Fire scene usually.
Require threat read budget all million program. Bed fear red during former agency. Recently avoid test spring....",browneric@example.net,(864)574-7194,http://www.pearson-johnson.com/,Healthcare,54-8370737,3,Bed Take Sports Equipmen
